{"cameraMode":{"drawMode":0,"name":"Shaded","section":"Shading Mode"},"sceneLighting":true,"audioPlay":false,"sceneViewState":{"m_AlwaysRefresh":false,"showFog":true,"showSkybox":true,"showFlares":true,"showImageEffects":true,"showParticleSystems":true,"showVisualEffectGraphs":true,"m_FxEnabled":true},"in2DMode":false,"pivot":{"x":520.6901245117188,"y":1626.8922119140625,"z":-263.93157958984377},"rotation":{"x":-0.2388051301240921,"y":-0.12747091054916383,"z":0.031594596803188327,"w":-0.9620007276535034},"size":408.4305419921875,"orthographic":false}